An;Lieu;Drogue;Poids;Purete;Prix
1984;CA1;Coc;1000;62.5;57500
1984;CA1;Coc;453.6;62.5;35000
1984;CA1;Coc;28.35;19;2200
1984;CA1;Coc;14.175;19;1200
1984;CA1;Coc;7.0875;19;550
1984;CA1;Coc;3.54375;19;325
1984;CA1;Coc;1;19;110
1984;CA1;Hash;1;100;15
1984;CA1;HerO;28.35;32;7000
1984;CA1;MJDom;28.35;100;30
1984;CA1;MJImp;28.35;100;55
1984;CA1;MJSin;28.35;100;175
1984;CA2;Coc;1000;70;60000
1984;CA2;Coc;453.6;62.5;30000
1984;CA2;Coc;28.35;65;2500
1984;CA2;Coc;1;20;115
1984;CA2;Hash;1000;100;1500
1984;CA2;Hash;453.6;100;200
1984;CA2;Hash;28.35;100;12.5
1984;CA2;HerO;1000;70;325000
1984;CA2;HerO;1000;7.5;67500
1984;CA2;HerO;453.6;62.5;137500
1984;CA2;HerO;453.6;7.5;31000
1984;CA2;HerO;28.35;62.5;10500
1984;CA2;HerO;28.35;9;2750
1984;CA2;HerO;28.35;3;1050
1984;CA2;HerO;1;62.5;500
1984;CA2;HerO;1;1.25;85
1984;CA2;HerO;0.2;1.25;20
1984;CA2;MJImp;453.6;100;450
1984;CA2;MJImp;28.35;100;65
1984;CA2;MJImp;2268;100;2500
1984;CA2;MJImp;453.6;100;600
1984;CA2;MJImp;28.35;100;62.5
1984;CA2;MJSin;453.6;100;2500
1984;CA2;MJSin;28.35;100;200
1984;CA2;MJSin;1;100;8
1984;CA2;Meth;28.35;30;1200
1984;CA3;Coc;1000;94;75000
1984;CA3;Coc;453.6;75;35000
1984;CA3;Coc;28.35;57.5;2250
1984;CA3;Coc;1;20;125
1984;CA3;HerW;453.6;50;160000
1984;CA3;HerW;28.35;50;12000
1984;CA3;HerW;1;50;400
1984;CA3;HerW;0.375;50;200
1984;CA4;Coc;1000;25;60000
1984;CA4;Coc;453.6;25;27250
1984;CA4;Coc;28.35;25;3000
1984;CA4;Coc;1;21;105
1984;CA4;HerW;28.35;43;8250
1984;CA4;Meth;1;80;70
1984;CA5;Coc;1000;73.5;62000
1984;CA5;Coc;453.6;73.5;30000
1984;CA5;Coc;28.35;73.5;2700
1984;CA5;Coc;7.0875;55;562.5
1984;CA5;Coc;3.54375;55;325
1984;CA5;Coc;1;73.5;125
1984;CA5;Coc;0.125;17.5;25
1984;CA5;HerB;1000;67.5;255000
1984;CA5;HerB;28.35;67.5;8750
1984;CA5;HerB;6.4;67.5;550
1984;CA5;HerB;1.6;67.5;165
1984;CA5;HerB;1;4;200
1984;CA5;HerB;0.2;4;30
1984;CA5;HerB;0.1;4;17.5
1984;CA5;Meth;28.35;80;900
1984;CA5;Meth;1;37.5;90
1984;CA6;Hash;453.6;100;1950
1984;CA6;Hash;226.8;100;750
1984;CA6;Hash;28.35;100;132.5
1984;CA6;Hash;14.175;100;75
1984;CA6;Hash;7.0875;100;47.5
1984;CA6;Hash;1;100;17.5
1984;CA6;HerO;28.35;33.5;7000
1984;CA6;HerO;1;72.5;325
1984;CA6;MJDom;28.35;100;40
1984;CA6;MJImp;453.6;100;800
1984;CA6;MJImp;226.8;100;475
1984;CA6;MJImp;28.35;100;100
1984;CA6;MJImp;14.175;100;55
1984;CA6;MJImp;7.0875;100;30
1984;CA6;MJSin;453.6;100;1750
1984;CA6;MJSin;28.35;100;125
1984;CA6;MJSin;7.0875;100;40
1984;CA7;Coc;1000;89;55000
1984;CA7;Coc;453.6;89;34000
1984;CA7;Coc;28.35;79;2250
1984;CA7;Coc;14.175;79;1125
1984;CA7;Coc;7.0875;79;850
1984;CA7;Coc;3.54375;79;475
1984;CA7;Coc;1;66.5;112.5
1984;CA7;Coc;0.25;66.5;30
1984;CA7;Hash;453.6;100;2275
1984;CA7;Hash;28.35;100;126.25
1984;CA7;Hash;1;100;25
1984;CA7;HerB;0.25;12;27.5
1984;CA7;HerB;2;12;152.5
1984;CA7;MJDom;453.6;100;550
1984;CA7;MJDom;28.35;100;105
1984;CA7;MJSin;453.6;100;1700
1984;CA7;MJSin;28.35;100;131.25
1985;CA1;Coc;1000;60;37500
1985;CA1;Coc;453.6;45;25000
1985;CA1;Coc;226.8;45;15000
1985;CA1;Coc;113.4;45;8100
1985;CA1;Coc;28.35;47.5;2400
1985;CA1;Coc;14.175;45;1200
1985;CA1;Coc;7.0875;45;612.5
1985;CA1;Coc;3.54375;45;325
1985;CA1;Coc;1.771875;45;187.5
1985;CA1;Coc;1;65;125
1985;CA1;Coc;0.5;45;52.5
1985;CA1;Coc;0.25;45;27.5
1985;CA1;HerB;28.35;40;8000
1985;CA1;HerB;28.35;7;3750
1985;CA1;HerB;28.35;2;1275
1985;CA1;HerB;1;40;500
1985;CA1;HerB;1;5;175
1985;CA1;HerB;1;2;37.5
1985;CA1;HerB;0.5;2;45
1985;CA1;HerB;0.25;3.5;20
1985;CA1;HerB;0.125;3;100
1985;CA1;HerB;0.15;3;20
1985;CA1;HerT;28.35;35;6250
1985;CA1;HerT;14.175;35;4500
1985;CA1;HerT;1;35;350
1985;CA1;HerT;0.5;30;275
1985;CA1;HerT;0.1;30;62.5
1985;CA1;HerT;0.04;30;25
1985;CA1;MJImp;28.35;100;55
1985;CA1;MJDom;453.6;100;775
1985;CA1;MJDom;28.35;100;60
1985;CA1;Hash;1;100;15
1985;CA1;MJSin;453.6;100;1850
1985;CA1;MJSin;28.35;100;137.5
1985;CA1;MJSin;14.175;100;100
1985;CA1;MJSin;7.0875;100;55
1985;CA1;MJSin;3.54375;100;22.5
1985;CA1;Meth;453.6;95;15500
1985;CA1;Meth;226.8;95;8000
1985;CA1;Meth;113.4;95;4000
1985;CA1;Meth;28.35;35;1150
1985;CA1;Meth;14.175;35;550
1985;CA1;Meth;7.0875;20;350
1985;CA2;Coc;1000;74.5;40000
1985;CA2;Coc;28.35;57;1600
1985;CA2;Coc;1;37.5;112.5
1985;CA2;Coc;0.5;37.5;55
1985;CA2;Coc;0.25;60;30
1985;CA2;HerB;1000;70;325000
1985;CA2;HerB;1000;7.5;67500
1985;CA2;HerB;453.6;90;92500
1985;CA2;HerB;28.35;60;8500
1985;CA2;HerB;28.35;25;5000
1985;CA2;HerB;28.35;3;1200
1985;CA2;HerB;1;2;125
1985;CA2;HerB;0.5;2;45
1985;CA2;HerB;0.25;5;80
1985;CA2;HerB;0.15;3;22.5
1985;CA2;MJImp;453.6;100;450
1985;CA2;MJImp;28.35;100;200
1985;CA2;MJImp;1;100;25
1985;CA2;MJDom;28.35;100;70
1985;CA2;MJDom;1;100;25
1985;CA2;MJDom;0.15;100;5
1985;CA2;Hash;453.6;100;1900
1985;CA2;Hash;28.35;100;200
1985;CA2;Hash;1;100;12.5
1985;CA2;MJImp;453.6;100;450
1985;CA2;MJSin;453.6;100;2000
1985;CA2;MJSin;28.35;100;187.5
1985;CA2;Meth;28.35;60;1000
1985;CA2;Meth;1;55;80
1985;CA3;Coc;1000;94;75000
1985;CA3;Coc;453.6;75;35000
1985;CA3;Coc;28.35;57.5;2250
1985;CA3;Coc;1;20;125
1985;CA3;HerW;453.6;50;160000
1985;CA3;HerW;28.35;50;12000
1985;CA3;HerW;1;50;400
1985;CA3;HerW;0.375;50;200
1985;CA4;Coc;1000;85;47500
1985;CA4;Coc;28.35;65;2050
1985;CA4;Coc;3.54375;65;325
1985;CA4;Coc;1;65;110
1985;CA4;Coc;0.1;19.5;25
1985;CA4;HerB;1000;80;160000
1985;CA4;HerB;453.6;80;96000
1985;CA4;HerB;453.6;2.5;16000
1985;CA4;HerB;28.35;65;6750
1985;CA4;HerB;28.35;2.5;1200
1985;CA4;HerB;1;50;400
1985;CA4;HerB;1;3;150
1985;CA4;HerB;0.15;2;20
1985;CA4;HerB;0.1;5.5;62.5
1985;CA4;MJDom;453.6;100;750
1985;CA4;MJDom;28.35;100;60
1985;CA4;MJImp;453.6;100;250
1985;CA4;MJImp;7.0875;100;37.5
1985;CA4;MJImp;3.54375;100;25
1985;CA4;MJSin;453.6;100;1350
1985;CA4;MJSin;113.4;100;350
1985;CA4;MJSin;28.35;100;175
1985;CA4;HerT;453.6;85;56000
1985;CA4;HerT;28.35;57.5;7250
1985;CA4;Meth;28.35;30;1750
1985;CA4;Meth;3.54375;16;237.5
1985;CA4;Meth;1;50;100
1985;CA4;Meth;0.5;12.5;60
1985;CA4;Meth;0.125;10;25
1985;CA5;Coc;1000;80;35000
1985;CA5;Coc;453.6;80;21000
1985;CA5;Coc;28.35;64.5;1750
1985;CA5;Coc;7.0875;50;600
1985;CA5;Coc;3.54375;69.5;287.5
1985;CA5;Coc;25;82;1400
1985;CA5;Coc;1;40;112.5
1985;CA5;Coc;0.125;17.5;25
1985;CA5;HerB;1000;60;1,00E+05
1985;CA5;HerB;28.35;60;7500
1985;CA5;HerB;28.35;7;2750
1985;CA5;HerB;25;65;8500
1985;CA5;HerB;25;50;6500
1985;CA5;HerB;1;50;325
1985;CA5;HerB;0.25;5.5;100
1985;CA5;HerB;0.225;5;42.5
1985;CA5;HerB;0.3;2;25
1985;CA5;HerT;1000;80;4,00E+05
1985;CA5;HerT;1;80;600
1985;CA5;HerT;1;35;300
1985;CA5;HerT;0.5;6;200
1985;CA5;HerT;0.25;21;87.5
1985;CA5;HerT;0.0833;20;50
1985;CA5;Meth;28.35;72;900
1985;CA5;Meth;3.54375;72;225
1985;CA5;Meth;1;63;70
1985;CA6;Coc;1000;95;57500
1985;CA6;Coc;453.6;95;32000
1985;CA6;Coc;28.35;85;2000
1985;CA6;Coc;3.54375;82.5;300
1985;CA6;Coc;1;80;110
1985;CA6;HerO;0.1;4;10
1985;CA6;HerO;0.2;4;18.5
1985;CA6;HerT;28.35;36;7500
1985;CA6;MJDom;453.6;100;267.5
1985;CA6;MJDom;28.35;100;25
1985;CA6;MJImp;453.6;100;1450
1985;CA6;MJImp;226.8;100;475
1985;CA6;MJImp;28.35;100;100
1985;CA6;MJImp;14.175;100;55
1985;CA6;MJImp;7.0875;100;30
1985;CA6;Hash;453.6;100;1450
1985;CA6;Hash;226.8;100;750
1985;CA6;Hash;28.35;100;145
1985;CA6;Hash;14.175;100;75
1985;CA6;Hash;7.0875;100;47.5
1985;CA6;Hash;1;100;12.5
1985;CA6;MJSin;453.6;100;1750
1985;CA6;MJSin;28.35;100;175
1985;CA6;MJSin;14.175;100;50
1985;CA6;MJSin;7.0875;100;47.5
1985;CA6;MJSin;3.5;100;10
1985;CA7;Coc;1000;95;45000
1985;CA7;Coc;453.6;95;34000
1985;CA7;Coc;28.35;95;2100
1985;CA7;Coc;14.175;95;1125
1985;CA7;Coc;7.0875;95;850
1985;CA7;Coc;3.54375;95;475
1985;CA7;Coc;0.25;95;30
1985;CA7;HerB;28.35;62.5;2000
1985;CA7;HerB;2;12;157.5
1985;CA7;HerB;0.25;5;25
1985;CA7;HerT;1000;68.5;240000
1985;CA7;HerT;28.35;50;7000
1985;CA7;HerT;0.15;24;25
1985;CA7;MJImp;28.35;100;125
1985;CA7;MJImp;7.0875;100;50
1985;CA7;MJDom;453.6;100;550
1985;CA7;MJDom;28.35;100;105
1985;CA7;Hash;453.6;100;2275
1985;CA7;Hash;28.35;100;126.25
1985;CA7;Hash;1;100;27.5
1985;CA7;MJSin;453.6;100;1900
1985;CA7;MJSin;28.35;100;131.25
1985;AK;Coc;453.6;50;70000
1985;AK;Coc;28.35;60;2350
1985;AK;Coc;7.0875;60;775
1985;AK;Coc;1;17.5;165
1985;AK;HerB;1;5.75;160
1985;AK;HerB;0.5;1.5;105
1985;AK;HerT;1;75;1100
1985;AK;HerT;0.1;1;110
1985;AK;MJDom;453.6;100;2350
1985;AK;MJDom;226.8;100;1600
1985;AK;MJDom;113.4;100;850
1985;AK;MJDom;28.35;100;225
1985;AK;MJDom;14.175;100;115
1985;AK;MJDom;7.0875;100;82.5
1985;AK;MJDom;1;100;15
1985;AK;MJImp;453.6;100;500
1985;AK;Hash;7.0875;100;62.5
1985;AK;Hash;1;100;17.5
1985;HI;Coc;453.6;77.5;31500
1985;HI;Coc;28.35;57.5;2200
1985;HI;Coc;7.0875;51;600
1985;HI;Coc;3.54375;25;300
1985;HI;Coc;1;45;112.5
1985;HI;HerW;453.6;90;90000
1985;HI;HerW;28.35;45;10000
1985;HI;HerW;7.0875;16;2500
1985;HI;HerW;1;12.5;600
1985;HI;HerB;0.25;7.5;450
1985;HI;HerB;0.1;7.5;150
1985;HI;MJDom;453.6;100;1750
1985;HI;MJDom;28.35;100;200
1985;HI;MJDom;7.0875;100;40
1985;OR;Coc;1000;95;37500
1985;OR;Coc;28.35;30;1900
1985;OR;Coc;1;45;125
1985;OR;Coc;0.25;50;40
1985;OR;HerB;1;51;275
1985;OR;HerB;0.25;7.5;50
1985;OR;HerW;1;57.5;900
1985;OR;HerW;1;5;60
1985;OR;HerW;0.25;7.5;50
1985;OR;HerT;7.0875;63;3250
1985;OR;HerT;0.05;7.5;50
1985;OR;MJImp;28.35;100;100
1985;OR;MJImp;453.6;100;1400
1985;OR;MJSin;453.6;100;2100
1985;OR;MJSin;28.35;100;170
1985;OR;MJSin;7.0875;100;42.5
1985;OR;Hash;28.35;100;180
1985;OR;Hash;1;100;27.5
1985;OR;Meth;453.6;85;16000
1985;OR;Meth;28.35;95;1050
1985;OR;Meth;1;72.5;67.5
1985;WA;Coc;453.6;90;30000
1985;WA;Coc;226.8;90;17500
1985;WA;Coc;113.4;40;5900
1985;WA;Coc;28.35;30;2100
1985;WA;Coc;14.175;30;1250
1985;WA;Coc;7.0875;30;675
1985;WA;Coc;3.54375;30;337.5
1985;WA;Coc;1;36;125
1985;WA;Coc;0.5;45;65
1985;WA;Coc;0.25;30;30
1985;WA;Coc;0.125;37.5;37.5
1985;WA;HerB;28.35;37.5;6750
1985;WA;HerB;1;15;375
1985;WA;HerT;453.6;65;85000
1985;WA;HerT;28.35;65;7500
1985;WA;HerT;14.175;67.5;3750
1985;WA;HerT;1;55;450
1985;WA;HerT;0.5;55;175
1985;WA;HerT;0.25;57.5;87.5
1985;WA;HerT;0.125;45;62.5
1985;WA;MJSin;453.6;100;2000
1985;WA;MJSin;113.4;100;450
1985;WA;MJSin;28.35;100;215
1985;WA;MJSin;14.175;100;112.5
1985;WA;MJSin;7.0875;100;75
1985;WA;MJSin;3.54375;100;27.5
1985;WA;MJSin;1;100;12.5
1985;WA;MJImp;453.6;100;700
1985;WA;Hash;453.6;100;1500
1985;WA;Hash;113.4;100;275
1985;WA;MJImp;453.6;100;550
1985;WA;MJImp;226.8;100;325
1985;WA;MJImp;28.35;100;130
1985;WA;MJImp;7.0875;100;57.5
1986;CA1;Coc;1000;60;52500
1986;CA1;Coc;453.6;45;25000
1986;CA1;Coc;226.8;45;15000
1986;CA1;Coc;113.4;45;8100
1986;CA1;Coc;28.35;65;1550
1986;CA1;Coc;3.54375;35;250
1986;CA1;Coc;1.771875;50;137.5
1986;CA1;Coc;1;55;105
1986;CA1;Coc;0.5;50;55
1986;CA1;Coc;0.25;40;25
1986;CA1;Crack;28.35;40;2040
1986;CA1;Crack;3.54375;40;290
1986;CA1;Crack;1;40;105
1986;CA1;Crack;0.5;40;42.5
1986;CA1;Crack;0.25;40;27.5
1986;CA1;HerB;28.35;80;8000
1986;CA1;HerB;28.35;7;3750
1986;CA1;HerB;28.35;2;1275
1986;CA1;HerB;1;40;500
1986;CA1;HerB;1;5;175
1986;CA1;HerB;1;2;37.5
1986;CA1;HerB;0.5;2;45
1986;CA1;HerB;0.25;3.5;20
1986;CA1;HerB;0.15;3;20
1986;CA1;HerT;28.35;70;6750
1986;CA1;HerT;28.35;20;2000
1986;CA1;HerT;14.175;35;4000
1986;CA1;HerT;1;65;300
1986;CA1;HerT;0.5;65;80
1986;CA1;HerT;0.25;60;55
1986;CA1;HerT;0.1;30;62.5
1986;CA1;HerT;0.04;30;25
1986;CA1;MJImp;28.35;100;55
1986;CA1;MJDom;453.6;100;775
1986;CA1;MJDom;28.35;100;60
1986;CA1;Hash;1;100;12.5
1986;CA1;MJImp;453.6;100;1500
1986;CA1;MJImp;28.35;100;200
1986;CA1;MJSin;453.6;100;2150
1986;CA1;MJSin;453.6;100;1500
1986;CA1;MJSin;453.6;100;500
1986;CA1;MJSin;28.35;100;90
1986;CA1;MJSin;14.175;100;70
1986;CA1;MJSin;14.175;100;27.5
1986;CA1;MJSin;7.0875;100;45
1986;CA1;MJSin;3.54375;100;25
1986;CA1;MJSin;3.54375;100;17.5
1986;CA1;MJSin;1;100;7.5
1986;CA1;Meth;453.6;65;10000
1986;CA1;Meth;226.8;65;4150
1986;CA1;Meth;113.4;65;2000
1986;CA1;Meth;28.35;55;1650
1986;CA1;Meth;14.175;30;550
1986;CA1;Meth;7.0875;20;350
1986;CA1;Meth;3.54375;55;187.5
1986;CA1;Meth;1.771875;50;112.5
1986;CA1;Meth;1;40;85
1986;CA1;Meth;0.5;40;42.5
1986;CA1;Meth;0.25;60;22.5
1986;CA2;Coc;1000;75;38000
1986;CA2;Coc;453.6;75;25000
1986;CA2;Coc;28.35;65;1600
1986;CA2;Coc;1;56.5;107.5
1986;CA2;Coc;0.5;56.5;55
1986;CA2;Coc;0.25;56.5;25
1986;CA2;Coc;0.1;70;22.5
1986;CA2;HerB;1000;74.5;165000
1986;CA2;HerB;1000;7.5;67500
1986;CA2;HerB;453.6;90;92500
1986;CA2;HerB;28.35;60;8500
1986;CA2;HerB;28.35;25;5000
1986;CA2;HerB;28.35;3;1200
1986;CA2;HerB;1;60;275
1986;CA2;HerB;1;2;125
1986;CA2;HerB;0.5;60;140
1986;CA2;HerB;0.5;2;45
1986;CA2;HerB;0.055;4.5;15
1986;CA2;HerT;453.6;80;57500
1986;CA2;HerT;28.35;50;6000
1986;CA2;HerT;1;40;275
1986;CA2;HerT;0.06;2;25
1986;CA2;HerT;0.025;34;27.5
1986;CA2;HerW;1000;74.5;155000
1986;CA2;HerW;453.6;65;56000
1986;CA2;HerW;28.35;55;5500
1986;CA2;MJDom;453.6;100;462.5
1986;CA2;MJDom;28.35;100;70
1986;CA2;MJDom;1;100;25
1986;CA2;MJDom;0.15;100;5
1986;CA2;Hash;453.6;100;1750
1986;CA2;Hash;28.35;100;200
1986;CA2;Hash;1;100;10
1986;CA2;Hash;0.5;100;3
1986;CA2;MJImp;453.6;100;450
1986;CA2;MJSin;453.6;100;2000
1986;CA2;MJSin;28.35;100;262.5
1986;CA2;MJSin;3.54375;100;22.5
1986;CA2;MJSin;1;100;10
1986;CA2;Meth;28.35;20;1225
1986;CA2;Meth;3.54375;60;150
1986;CA2;Meth;1;55;92.5
1986;CA2;Meth;0.125;50;25
1986;CA2;Meth;0.625;70;50
1986;CA3;Coc;1000;94;75000
1986;CA3;Coc;453.6;75;35000
1986;CA3;Coc;28.35;66;1600
1986;CA3;Coc;1;40;90
1986;CA3;Coc;0.5;40;55
1986;CA3;Coc;0.25;40;27.5
1986;CA3;HerW;453.6;50;160000
1986;CA3;HerW;28.35;97;2200
1986;CA3;HerW;1;50;400
1986;CA3;HerW;0.375;50;200
1986;CA3;HerT;28.35;80;4800
1986;CA3;HerT;1;80;240
1986;CA3;MJDom;453.6;100;1800
1986;CA3;MJDom;28.35;100;160
1986;CA3;MJDom;3.54375;100;25
1986;CA3;MJDom;1;100;10
1986;CA3;MJDom;0.5;100;5
1986;CA3;Meth;0.5;40;35
1986;CA3;Meth;0.25;40;20
1986;CA4;Coc;1000;85;39000
1986;CA4;Coc;28.35;50;1600
1986;CA4;Coc;0.5;17.5;112.5
1986;CA4;HerB;1000;80;160000
1986;CA4;HerB;453.6;80;96000
1986;CA4;HerB;453.6;2.5;16000
1986;CA4;HerB;28.35;70;4000
1986;CA4;HerB;28.35;2.5;1200
1986;CA4;HerB;1;70;255
1986;CA4;HerB;1;2.5;150
1986;CA4;HerB;0.1;5.5;62.5
1986;CA4;HerB;0.15;2;20
1986;CA4;HerT;453.6;85;56000
1986;CA4;HerT;28.35;60;4700
1986;CA4;HerT;14.175;60;2000
1986;CA4;HerT;1;60;475
1986;CA4;HerW;453.6;80;1,00E+05
1986;CA4;HerW;28.35;80;6200
1986;CA4;HerW;28.35;7.5;1850
1986;CA4;HerW;1;7.5;212.5
1986;CA4;MJDom;453.6;100;450
1986;CA4;MJDom;28.35;100;60
1986;CA4;MJImp;453.6;100;725
1986;CA4;MJImp;28.35;100;125
1986;CA4;MJImp;14.175;100;55
1986;CA4;MJImp;7.0875;100;30
1986;CA4;MJImp;3.54375;100;22.5
1986;CA4;MJImp;1;100;10
1986;CA4;MJSin;453.6;100;2250
1986;CA4;MJSin;113.4;100;350
1986;CA4;MJSin;28.35;100;135
1986;CA4;Meth;453.6;70;16500
1986;CA4;Meth;28.35;70;1400
1986;CA4;Meth;3.54375;70;200
1986;CA4;Meth;1;70;100
1986;CA5;Coc;1000;75;39000
1986;CA5;Coc;453.6;65;23500
1986;CA5;Coc;113.4;75;5500
1986;CA5;Coc;28.35;45;2100
1986;CA5;Coc;3.54375;65;262.5
1986;CA5;Coc;1;44;125
1986;CA5;Coc;0.125;17.5;25
1986;CA5;Crack;0.5;45;50
1986;CA5;Crack;0.25;45;22.5
1986;CA5;HerB;1000;57.5;150000
1986;CA5;HerB;453.6;55;55000
1986;CA5;HerB;28.35;55;5000
1986;CA5;HerB;1;26;200
1986;CA5;HerB;0.5;7.5;60
1986;CA5;HerT;453.6;68;160000
1986;CA5;HerT;28.35;62.5;6100
1986;CA5;HerT;1;60;362.5
1986;CA5;HerT;1;6;220
1986;CA5;HerT;0.1;65;22.5
1986;CA5;HerW;453.6;82.5;77500
1986;CA5;HerW;28.35;65;8500
1986;CA5;HerW;1;75;365
1986;CA5;Meth;28.35;85;950
1986;CA6;Coc;1000;76;35000
1986;CA6;Coc;453.6;76;18000
1986;CA6;Coc;28.35;51;1550
1986;CA6;Coc;7.0875;35;550
1986;CA6;Coc;3.54375;35;275
1986;CA6;Coc;1;35;100
1986;CA6;HerT;1000;70;275000
1986;CA6;HerT;453.6;70;137500
1986;CA6;HerT;28.35;47;5500
1986;CA6;MJDom;453.6;100;850
1986;CA6;MJDom;226.8;100;475
1986;CA6;MJDom;28.35;100;150
1986;CA6;MJDom;7.0875;100;30
1986;CA6;MJDom;2.25;100;20
1986;CA6;MJImp;453.6;100;1450
1986;CA6;MJImp;226.8;100;475
1986;CA6;MJImp;28.35;100;100
1986;CA6;MJImp;14.175;100;55
1986;CA6;MJImp;7.0875;100;30
1986;CA6;Hash;453.6;100;1450
1986;CA6;Hash;226.8;100;750
1986;CA6;Hash;28.35;100;145
1986;CA6;Hash;14.175;100;75
1986;CA6;Hash;7.0875;100;47.5
1986;CA6;Hash;1;100;12.5
1986;CA6;MJSin;453.6;100;2000
1986;CA6;MJSin;28.35;100;175
1986;CA6;MJSin;7.0875;100;100
1986;CA6;MJSin;3.5;100;10
1986;CA7;Coc;1000;98;35000
1986;CA7;Coc;28.35;40;2100
1986;CA7;HerT;453.6;65;90000
1986;CA7;MJImp;453.6;100;450
1986;CA7;MJImp;28.35;100;97.5
1986;CA7;MJDom;453.6;100;550
1986;CA7;MJDom;28.35;100;105
1986;CA7;MJSin;453.6;100;2200
1986;CA7;MJSin;28.35;100;187.5
1986;CA7;Hash;453.6;100;1400
1986;CA7;Hash;28.35;100;125
1986;CA7;Hash;1;100;12.5
1986;CA7;Meth;453.6;95;13500
1986;CA7;Meth;28.35;30;2100
1986;AK;Coc;1000;68;62500
1986;AK;Coc;453.6;68;32500
1986;AK;Coc;28.35;60;2250
1986;AK;Coc;7.0875;60;775
1986;AK;Coc;1;20;140
1986;AK;HerT;453.6;68;90000
1986;AK;HerT;28.35;34;7500
1986;AK;HerT;1;34;1050
1986;AK;Meth;453.6;65;35000
1986;AK;Meth;28.35;65;2500
1986;AK;Meth;1;25;112.5
1986;AK;MJDom;1000;100;4500
1986;AK;MJDom;453.6;100;2100
1986;AK;MJDom;226.8;100;1600
1986;AK;MJDom;113.4;100;850
1986;AK;MJDom;28.35;100;265
1986;AK;MJDom;14.175;100;115
1986;AK;MJDom;7.0875;100;82.5
1986;AK;MJDom;1;100;12.5
1986;AK;MJImp;453.6;100;500
1986;AK;Hash;28.35;100;3050
1986;AK;Hash;7.0875;100;70
1986;AK;Hash;1;100;15
1986;HI;Coc;453.6;62.5;31000
1986;HI;Coc;28.35;65;2350
1986;HI;Coc;7.0875;51;625
1986;HI;Coc;3.54375;25;300
1986;HI;Coc;1;27.5;110
1986;HI;Coc;0.25;27.5;25
1986;HI;HerW;453.6;90;90000
1986;HI;HerW;28.35;45;10000
1986;HI;HerW;7.0875;16;2500
1986;HI;HerW;3.54375;80;1700
1986;HI;HerW;1;12.5;600
1986;HI;HerW;0.25;50;175
1986;HI;HerW;0.04;20;40
1986;HI;HerB;0.25;7.5;450
1986;HI;HerB;0.1;7.5;150
1986;HI;MJDom;453.6;100;1750
1986;HI;MJDom;28.35;100;195
1986;HI;MJDom;4.5;100;20
1986;HI;MJDom;2.5;100;1
1986;HI;Hash;453.6;100;2000
1986;OR;Coc;28.35;37.5;1600
1986;OR;Coc;1;37.5;100
1986;OR;HerB;1;51;275
1986;OR;HerB;0.25;7.5;50
1986;OR;HerW;28.35;92;8000
1986;OR;HerW;1;57.5;900
1986;OR;HerW;1;5;60
1986;OR;HerW;0.25;7.5;50
1986;OR;HerT;7.0875;63;3250
1986;OR;HerT;1;47.5;340
1986;OR;HerT;0.0627451;30;30
1986;OR;MJImp;453.6;100;1400
1986;OR;MJImp;14.175;100;57.5
1986;OR;MJImp;7.0875;100;42.5
1986;OR;MJImp;3.54375;100;13.75
1986;OR;MJImp;1;100;10
1986;OR;MJDom;453.6;100;2100
1986;OR;MJImp;453.6;100;850
1986;OR;MJImp;113.4;100;300
1986;OR;MJImp;28.35;100;100
1986;OR;MJImp;7.0875;100;27.5
1986;OR;MJSin;453.6;100;2150
1986;OR;MJSin;113.4;100;300
1986;OR;MJSin;28.35;100;145
1986;OR;MJSin;14.175;100;57.5
1986;OR;MJSin;7.0875;100;42.5
1986;OR;MJSin;3.54375;100;13.75
1986;OR;MJSin;1;100;10
1986;OR;Hash;1;100;30
1986;OR;Hash;0.25;100;25
1986;OR;Meth;1;50;77.5
1986;WA;Coc;1000;72.5;36500
1986;WA;Coc;453.6;72.5;26000
1986;WA;Coc;226.8;75;16000
1986;WA;Coc;113.4;73.5;6500
1986;WA;Coc;28.35;62.5;2100
1986;WA;Coc;14.175;75;1050
1986;WA;Coc;7.0875;75;612.5
1986;WA;Coc;3.54375;75;315
1986;WA;Coc;1;62.5;120
1986;WA;Coc;0.5;35;57.5
1986;WA;Coc;0.25;35;32.5
1986;WA;HerB;28.35;37.5;6750
1986;WA;HerB;1;15;375
1986;WA;HerT;453.6;95;89450
1986;WA;HerT;28.35;65;6200
1986;WA;HerT;14.175;65;2700
1986;WA;HerT;1;55;290
1986;WA;HerT;0.125;65;42.5
1986;WA;MJImp;453.6;100;700
1986;WA;MJDom;453.6;100;2100
1986;WA;MJDom;113.4;100;575
1986;WA;MJDom;28.35;100;165
1986;WA;MJDom;3.54375;100;30
1986;WA;MJDom;1;100;10
1986;WA;Hash;453.6;100;1500
1986;WA;Hash;113.4;100;275
1986;WA;Hash;28.35;100;180
1986;WA;MJDom;9072;100;18000
1986;WA;MJDom;453.6;100;850
1986;WA;MJDom;226.8;100;500
1986;WA;MJDom;113.4;100;280
1986;WA;MJDom;28.35;100;145
1986;WA;MJDom;14.175;100;55
1986;WA;MJDom;7.0875;100;20
1986;WA;MJDom;1;100;10
1986;WA;MJImp;453.6;100;975
1986;WA;MJImp;226.8;100;325
1986;WA;MJImp;113.4;100;275
1986;WA;MJImp;28.35;100;130
1986;WA;MJImp;7.0875;100;57.5
1986;WA;MJSin;453.6;100;2000
1986;WA;MJSin;113.4;100;450
1986;WA;MJSin;56.7;100;275
1986;WA;MJSin;28.35;100;165
1986;WA;MJSin;14.175;100;140
1986;WA;MJSin;7.0875;100;75
1986;WA;MJSin;3.54375;100;27.5
1986;WA;MJSin;1;100;11
1986;WA;MJDom;9072;100;24000
1986;WA;MJDom;453.6;100;2250
1986;WA;MJDom;226.8;100;1000
1986;WA;MJDom;113.4;100;625
1986;WA;MJDom;3.54375;100;30
1986;WA;MJDom;1;100;10
1988;AK;Coc;28.35;95;1100
1988;AK;MJDom;0.5;100;7.5
1988;AK;MJDom;1;100;15
1988;AK;MJDom;28.35;100;200
1988;AK;MJDom;113.4;100;600
1988;AK;MJDom;453.6;100;2000
1988;AK;Hash;1;100;10
1988;AK;Hash;7.0875;100;50
1988;AK;Hash;453.6;100;2800
1988;CA1;Coc;0.25;35;25
1988;CA1;Coc;0.5;35;45
1988;CA1;Coc;1;26.5;102.5
1988;CA1;Coc;1.771875;50;162.5
1988;CA1;Coc;3.54375;50;237.5
1988;CA1;Coc;28.35;65;1350
1988;CA1;Coc;453.6;80;17500
1988;CA1;Coc;1000;90;17500
1988;CA1;Crack;0.5;35;45
1988;CA1;Crack;0.25;35;22.5
1988;CA1;Crack;1.771875;35;87.5
1988;CA1;Crack;28.35;35;1450
1988;CA1;HerB;1;55;500
1988;CA1;HerB;28.35;50;7500
1988;CA1;HerT;0.1;45;25
1988;CA1;HerT;0.125;45;37.5
1988;CA1;HerT;0.25;45;60
1988;CA1;HerT;0.5;45;105
1988;CA1;HerT;1;45;225
1988;CA1;HerT;14.175;50;2100
1988;CA1;HerT;28.35;60;3500
1988;CA1;HerT;453.6;70;37000
1988;CA1;MJImp;453.6;100;450
1988;CA1;MJDom;1;100;10
1988;CA1;MJDom;3.54375;100;32.5
1988;CA1;MJDom;7.0875;100;67.5
1988;CA1;MJDom;28.35;100;162.5
1988;CA1;MJDom;453.6;100;2150
1988;CA1;Hash;1;100;25
1988;CA1;MJImp;7.0875;100;40
1988;CA1;MJImp;28.35;100;110
1988;CA1;MJImp;453.6;100;1500
1988;CA1;MJSin;3.54375;100;70
1988;CA1;MJSin;7.0875;100;125
1988;CA1;MJSin;28.35;100;500
1988;CA1;MJSin;453.6;100;3750
1988;CA1;Meth;0.125;50;20
1988;CA1;Meth;0.25;50;25
1988;CA1;Meth;0.5;50;40
1988;CA1;Meth;1;50;90
1988;CA1;Meth;1.771875;50;95
1988;CA1;Meth;3.54375;50;205
1988;CA1;Meth;14.175;50;375
1988;CA1;Meth;28.35;70;1100
1988;CA1;Meth;453.6;75;13000
1988;CA2;Coc;1;56.5;87.5
1988;CA2;Coc;28.35;75;1100
1988;CA2;Coc;453.6;87.5;7250
1988;CA2;Coc;1000;87.5;14000
1988;CA2;Crack;1;82.5;20
1988;CA2;HerO;0.25;2.75;17.5
1988;CA2;HerO;1;20.5;97.5
1988;CA2;HerO;1;60;275
1988;CA2;HerO;28.35;50;3750
1988;CA2;HerO;453.6;55;62000
1988;CA2;HerO;1000;62.5;140000
1988;CA2;HerT;0.1;2;25
1988;CA2;HerT;0.2;34;32.5
1988;CA2;HerT;0.25;52.5;30
1988;CA2;HerT;1;57.5;260
1988;CA2;HerT;28.35;55;4100
1988;CA2;HerT;453.6;67.5;65000
1988;CA2;HerW;0.1;3;20
1988;CA2;HerW;28.35;55;6800
1988;CA2;HerW;1000;87.5;147500
1988;CA2;MJDom;0.5;100;15
1988;CA2;MJDom;1;100;10
1988;CA2;MJDom;3.54375;100;30
1988;CA2;MJDom;28.35;100;55
1988;CA2;MJDom;453.6;100;550
1988;CA2;MJDom;1;100;10
1988;CA2;MJDom;453.6;100;462.5
1988;CA2;Hash;1;100;12.5
1988;CA2;Hash;453.6;100;1750
1988;CA2;MJSin;3.54375;100;30
1988;CA2;MJSin;28.35;100;130
1988;CA2;MJSin;453.6;100;2750
1988;CA2;Meth;0.2;50;22.5
1988;CA2;Meth;1;70;87.5
1988;CA2;Meth;28.35;30;550
1988;CA2;Meth;453.6;50;4000
1988;CA2;Meth;453.6;77.5;12000
1988;CA3;Coc;0.25;81.5;22.5
1988;CA3;Coc;1;70;80
1988;CA3;Coc;28.35;80;1150
1988;CA3;Coc;1000;85;21000
1988;CA3;Crack;0.25;80;17.5
1988;CA3;Crack;1;80;100
1988;CA3;HerT;0.1;2;25
1988;CA3;HerT;0.25;67.5;45
1988;CA3;HerT;1;50;175
1988;CA3;Meth;1;30;82.5
1988;CA3;MJDom;1;100;10
1988;CA3;MJDom;3.54375;100;35
1988;CA3;MJDom;113.4;100;600
1988;CA3;MJDom;453.6;100;2000
1988;CA3;MJDom;1;100;12.5
1988;CA3;Hash;1;100;17.5
1988;CA3;MJSin;28.35;100;192.5
1988;CA3;MJSin;453.6;100;2900
1988;CA4;Coc;0.25;35;27.5
1988;CA4;Coc;0.5;35;50
1988;CA4;Coc;1;35;95
1988;CA4;Coc;3.54375;50;172.5
1988;CA4;Coc;1000;85;21000
1988;CA4;Crack;0.25;20;30
1988;CA4;HerT;0.25;45;50
1988;CA4;HerT;0.5;40;90
1988;CA4;HerT;1;45;225
1988;CA4;HerT;28.35;77.5;4650
1988;CA4;MJDom;453.6;100;2600
1988;CA4;MJImp;3.54375;100;15
1988;CA4;MJImp;7.0875;100;32.5
1988;CA4;MJImp;14.175;100;45
1988;CA4;MJImp;28.35;100;112.5
1988;CA4;MJImp;453.6;100;1000
1988;CA4;MJSin;3.54375;100;30
1988;CA4;MJSin;7.0875;100;87.5
1988;CA4;MJSin;14.175;100;100
1988;CA4;MJSin;28.35;100;250
1988;CA4;MJSin;453.6;100;3250
1988;CA4;Meth;0.25;40;22.5
1988;CA4;Meth;0.5;40;50
1988;CA4;Meth;1;55;87.5
1988;CA4;Meth;28.35;65;1200
1988;CA4;Meth;453.6;65;12750
1988;CA5;Coc;1;85;112.5
1988;CA5;Coc;3.54375;85;200
1988;CA5;Coc;7.0875;55;475
1988;CA5;Coc;28.35;50;700
1988;CA5;Coc;28.35;86.5;1225
1988;CA5;Coc;453.6;86.5;9750
1988;CA5;Coc;1000;87.5;20000
1988;CA5;Crack;0.25;86.5;22.5
1988;CA5;Crack;1;72.5;112.5
1988;CA5;Crack;1000;55;17500
1988;CA5;HerB;0.1;3;23.5
1988;CA5;HerB;0.5;13;50
1988;CA5;HerB;1;6;100
1988;CA5;HerB;1;25;300
1988;CA5;HerB;28.35;6;1650
1988;CA5;HerB;28.35;19;3250
1988;CA5;HerB;28.35;55;5250
1988;CA5;HerB;1000;46;2,00E+05
1988;CA5;HerT;0.2;10.5;23.5
1988;CA5;HerT;0.125;70;35
1988;CA5;HerT;0.25;41.5;20
1988;CA5;HerT;0.25;70;50
1988;CA5;HerT;1;60;275
1988;CA5;HerT;28.35;47;5250
1988;CA5;HerT;453.6;50;150000
1988;CA5;HerT;1000;47;2,00E+05
1988;CA5;HerW;1000;74;165000
1988;CA5;HerW;28.35;75;5250
1988;CA5;HerW;453.6;85;75000
1988;CA5;HerW;1000;90;175000
1988;CA5;Meth;1;90;97.5
1988;CA5;Meth;28.35;80;1450
1988;CA5;Meth;453.6;90;12500
1988;CA5;Meth;1000;100;30000
1988;CA6;Coc;0.2;55;20
1988;CA6;Coc;0.25;65;25
1988;CA6;Coc;3.54375;55;250
1988;CA6;Coc;7.0875;55;475
1988;CA6;Coc;28.35;65;1500
1988;CA6;Coc;1000;90;23000
1988;CA6;Crack;0.5;65;15
1988;CA6;HerT;0.1;36.5;16
1988;CA6;HerT;0.25;15;37.5
1988;CA6;HerT;28.35;55;5250
1988;CA6;HerT;453.6;45;55000
1988;CA6;MJDom;1;100;6.5
1988;CA6;MJDom;7.0875;100;10
1988;CA6;MJDom;28.35;100;225
1988;CA6;MJDom;453.6;100;1500
1988;CA6;Hash;1;100;25
1988;CA6;Hash;453.6;100;1150
1988;CA6;MJSin;28.35;100;250
1988;CA6;MJSin;453.6;100;3400
1988;CA6;Meth;0.25;100;25
1988;CA6;Meth;3.54375;100;200
1988;CA7;Coc;1000;88;17500
1988;CA7;MJDom;28.35;100;97.5
1988;CA7;MJDom;453.6;100;700
1988;CA7;Hash;1;100;30
1988;CA7;MJSin;28.35;100;237.5
1988;HI;Coc;1;75;115
1988;HI;Coc;3.54375;90;300
1988;HI;Coc;1000;90;39500
1988;HI;HerT;0.5;65;250
1988;HI;HerT;1;65;475
1988;HI;HerW;1;47.5;550
1988;HI;MJDom;7.0875;100;37.5
1988;HI;MJDom;28.35;100;175
1988;HI;MJDom;453.6;100;2250
1988;HI;Hash;1;100;10
1988;HI;Hash;7.0875;100;50
1988;HI;Hash;28.35;100;135
1988;HI;Hash;453.6;100;1650
1988;HI;MJSin;28.35;100;300
1988;OR;Coc;0.5;97;150
1988;OR;Coc;113.4;90;12500
1988;OR;MJDom;1;100;6.5
1988;OR;MJDom;28.35;100;162.5
1988;OR;MJDom;14.175;100;85
1988;OR;MJDom;7.0875;100;47.5
1988;OR;MJDom;3.54375;100;27.5
1988;OR;MJDom;113.4;100;350
1988;OR;MJDom;453.6;100;1000
1988;OR;MJImp;453.6;100;700
1988;OR;Hash;3.54375;100;30
1988;OR;MJImp;453.6;100;600
1988;OR;MJSin;453.6;100;2250
1988;OR;Meth;0.25;99;180
1988;WA;Coc;1;75;95
1988;WA;Coc;3.5;75;180
1988;WA;Coc;7.0875;75;410
1988;WA;Coc;28.35;90;1550
1988;WA;Coc;453.6;90;17500
1988;WA;Coc;1000;90;28500
1988;WA;Crack;1;75;80
1988;WA;HerB;1;17.5;220
1988;WA;HerB;28.35;61;5000
1988;WA;HerB;1000;61;67000
1988;WA;HerT;1;40;275
1988;WA;HerT;28.35;60;3000
1988;WA;MJDom;1;100;15
1988;WA;MJDom;7.0875;100;60
1988;WA;MJDom;14.175;100;107.5
1988;WA;MJDom;28.35;100;250
1988;WA;MJDom;113.4;100;525
1988;WA;MJSin;1;100;10
1988;WA;MJSin;3.54375;100;30
1988;WA;MJSin;7.0875;100;60
1988;WA;MJSin;28.35;100;225
1988;WA;MJSin;113.4;100;775
1988;WA;MJSin;453.6;100;2500
1988;WA;MJSin;1000;100;6000
1988;WA;Meth;453.6;46.5;17000
1987;AK;Coc;1000;68;62500
1987;AK;Coc;453.6;87.5;29500
1987;AK;Coc;28.35;82.5;2250
1987;AK;Coc;7.0875;60;775
1987;AK;Coc;1;35;150
1987;AK;HerB;28.35;12;3400
1987;AK;HerT;453.6;68;90000
1987;AK;HerT;28.35;34;7500
1987;AK;HerW;28.35;12;3400
1987;AK;MJImp;453.6;100;500
1987;AK;MJDom;1000;100;4500
1987;AK;MJDom;453.6;100;5500
1987;AK;MJDom;226.8;100;1600
1987;AK;MJDom;113.4;100;850
1987;AK;MJDom;28.35;100;350
1987;AK;MJDom;14.175;100;115
1987;AK;MJDom;7.0875;100;82.5
1987;AK;MJDom;1;100;12.5
1987;AK;Hash;7.0875;100;70
1987;AK;Hash;1;100;15
1987;AK;Meth;453.6;65;35000
1987;AK;Meth;28.35;65;2500
1987;AK;Meth;1;25;112.5
1987;CA1;Coc;1000;77.5;27500
1987;CA1;Coc;453.6;75;27500
1987;CA1;Coc;453.6;77.5;29000
1987;CA1;Coc;226.8;45;15000
1987;CA1;Coc;113.4;45;8100
1987;CA1;Coc;28.35;70;1700
1987;CA1;Coc;14.175;45;600
1987;CA1;Coc;7.0875;45;475
1987;CA1;Coc;3.54375;60;270
1987;CA1;Coc;1.771875;45;175
1987;CA1;Coc;1;65;125
1987;CA1;Coc;0.5;45;65
1987;CA1;Coc;0.25;45;27.5
1987;CA1;Crack;28.35;72.5;1200
1987;CA1;Crack;14.175;70;550
1987;CA1;Crack;3.54375;40;290
1987;CA1;Crack;1;60;100
1987;CA1;Crack;0.5;60;55
1987;CA1;Crack;0.25;55;22.5
1987;CA1;Crack;0.1;70;20
1987;CA1;HerB;28.35;80;8000
1987;CA1;HerB;28.35;7;3750
1987;CA1;HerB;28.35;2;1275
1987;CA1;HerB;1;40;500
1987;CA1;HerB;1;5;175
1987;CA1;HerB;1;2;37.5
1987;CA1;HerB;0.5;2;45
1987;CA1;HerB;0.25;3.5;20
1987;CA1;HerB;0.125;3;100
1987;CA1;HerB;0.15;3;20
1987;CA1;HerT;453.6;80;25000
1987;CA1;HerT;28.35;60;4250
1987;CA1;HerT;14.175;80;2300
1987;CA1;HerT;7.0875;50;850
1987;CA1;HerT;3.54375;50;450
1987;CA1;HerT;1;47.5;280
1987;CA1;HerT;0.5;47.5;100
1987;CA1;HerT;0.25;40;60
1987;CA1;HerT;0.125;40;32.5
1987;CA1;HerT;0.1;40;27.5
1987;CA1;HerT;0.05;40;30
1987;CA1;MJImp;28.35;100;55
1987;CA1;MJDom;453.6;100;350
1987;CA1;MJDom;226.8;100;450
1987;CA1;MJDom;28.35;100;60
1987;CA1;MJDom;7.0875;100;20
1987;CA1;MJDom;3.54375;100;32.5
1987;CA1;Hash;7.0875;100;60
1987;CA1;Hash;28.35;100;12.5
1987;CA1;MJImp;453.6;100;1500
1987;CA1;MJImp;28.35;100;200
1987;CA1;MJImp;7.0875;100;15
1987;CA1;MJSin;453.6;100;2150
1987;CA1;MJSin;28.35;100;150
1987;CA1;MJSin;7.0875;100;45
1987;CA1;MJSin;3.54375;100;25
1987;CA1;MJSin;1;100;7.5
1987;CA1;Meth;453.6;80;13000
1987;CA1;Meth;28.35;70;1250
1987;CA1;Meth;7.0875;60;325
1987;CA1;Meth;3.54375;60;187.5
1987;CA1;Meth;1.771875;50;112.5
1987;CA1;Meth;1;35;80
1987;CA1;Meth;0.5;45;42.5
1987;CA1;Meth;0.25;35;22.5
1987;CA1;Meth;0.1;40;50
1987;CA2;Coc;1000;90;30000
1987;CA2;Coc;453.6;70;21500
1987;CA2;Coc;28.35;57.5;1800
1987;CA2;Coc;3.54375;40;300
1987;CA2;Coc;1;56.5;107.5
1987;CA2;Coc;0.5;40;60
1987;CA2;Coc;0.25;40;30
1987;CA2;Coc;0.1;70;22.5
1987;CA2;Crack;0.25;75;20
1987;CA2;HerB;1000;74.5;165000
1987;CA2;HerB;1000;7.5;67500
1987;CA2;HerB;453.6;90;92500
1987;CA2;HerB;28.35;60;8500
1987;CA2;HerB;28.35;25;5000
1987;CA2;HerB;28.35;3;1200
1987;CA2;HerB;1;60;275
1987;CA2;HerB;1;2;125
1987;CA2;HerB;0.5;60;140
1987;CA2;HerB;0.5;2;45
1987;CA2;HerB;0.25;70;52.5
1987;CA2;HerB;0.095;3;25
1987;CA2;HerT;453.6;80;57500
1987;CA2;HerT;28.35;35;5750
1987;CA2;HerT;1;52.5;425
1987;CA2;HerT;1;6;100
1987;CA2;HerT;0.25;34;27.5
1987;CA2;HerW;1000;74.5;155000
1987;CA2;HerW;453.6;65;56000
1987;CA2;HerW;28.35;55;5500
1987;CA2;HerW;0.1;3;20
1987;CA2;HerW;0.025;34;27.5
1987;CA2;MJDom;453.6;100;375
1987;CA2;MJDom;28.35;100;45
1987;CA2;MJDom;1;100;12.5
1987;CA2;MJDom;0.15;100;5
1987;CA2;Hash;453.6;100;1750
1987;CA2;Hash;28.35;100;175
1987;CA2;Hash;1;100;20
1987;CA2;Hash;0.5;100;3
1987;CA2;MJImp;453.6;100;450
1987;CA2;MJSin;453.6;100;2500
1987;CA2;MJSin;28.35;100;192.5
1987;CA2;MJSin;3.54375;100;32.5
1987;CA2;MJSin;1;100;15
1987;CA2;Meth;453.6;67.5;9250
1987;CA2;Meth;28.35;57.5;900
1987;CA2;Meth;1;55;92.5
1987;CA2;Meth;0.25;50;22.5
1987;CA2;Meth;0.125;50;25
1987;CA3;Coc;1000;84;32750
1987;CA3;Coc;28.35;80;1300
1987;CA3;Coc;1;73.5;245
1987;CA3;Coc;0.5;40;55
1987;CA3;Coc;0.25;40;27.5
1987;CA3;HerT;28.35;65;5250
1987;CA3;HerT;1;52.5;275
1987;CA3;HerW;453.6;95;90000
1987;CA3;HerW;28.35;97;2200
1987;CA3;HerW;1;50;400
1987;CA3;HerW;0.375;50;200
1987;CA3;MJDom;453.6;100;1000
1987;CA3;MJDom;56.7;100;25
1987;CA3;MJDom;28.35;100;125
1987;CA3;MJDom;1;100;10
1987;CA3;MJDom;1;100;15
1987;CA3;Hash;1;100;20
1987;CA3;MJSin;453.6;100;2200
1987;CA3;Meth;453.6;85;11500
1987;CA3;Meth;28.35;57.5;900
1987;CA3;Meth;1;56.5;75
1987;CA3;Meth;0.5;40;35
1987;CA3;Meth;0.25;40;20
1987;CA4;Coc;1000;70;24000
1987;CA4;Coc;28.35;70;1650
1987;CA4;Coc;3.54375;70;250
1987;CA4;Coc;1;35;105
1987;CA4;Coc;0.5;35;42.5
1987;CA4;Coc;0.25;35;32.5
1987;CA4;Crack;1;50;112.5
1987;CA4;Crack;0.25;50;22.5
1987;CA4;HerB;1000;80;160000
1987;CA4;HerB;453.6;80;96000
1987;CA4;HerB;453.6;2.5;16000
1987;CA4;HerB;28.35;70;4000
1987;CA4;HerB;28.35;2.5;1200
1987;CA4;HerB;1;70;255
1987;CA4;HerB;0.1;5.5;62.5
1987;CA4;HerB;0.15;2;20
1987;CA4;HerT;453.6;85;56000
1987;CA4;HerT;1701;70;24000
1987;CA4;HerT;28.35;70;5000
1987;CA4;HerT;14.175;60;2000
1987;CA4;HerT;1;60;475
1987;CA4;HerT;0.2;50;22.5
1987;CA4;HerW;453.6;80;1,00E+05
1987;CA4;HerW;28.35;80;6200
1987;CA4;HerW;28.35;7.5;1850
1987;CA4;HerW;1;7.5;212.5
1987;CA4;MJDom;453.6;100;800
1987;CA4;MJDom;226.8;100;1000
1987;CA4;MJDom;113.4;100;237.5
1987;CA4;MJDom;28.35;100;110
1987;CA4;MJDom;14.175;100;55
1987;CA4;MJDom;7.0875;100;47.5
1987;CA4;MJDom;1;100;10
1987;CA4;Hash;1;100;12.5
1987;CA4;MJImp;453.6;100;725
1987;CA4;MJImp;28.35;100;45
1987;CA4;MJImp;14.175;100;55
1987;CA4;MJImp;7.0875;100;30
1987;CA4;MJImp;3.54375;100;22.5
1987;CA4;MJImp;1;100;10
1987;CA4;MJSin;453.6;100;1450
1987;CA4;MJSin;113.4;100;350
1987;CA4;MJSin;28.35;100;205
1987;CA4;Meth;453.6;70;14000
1987;CA4;Meth;28.35;70;1275
1987;CA4;Meth;14.175;40;700
1987;CA4;Meth;7.0875;50;300
1987;CA4;Meth;3.54375;50;207.5
1987;CA4;Meth;1;65;95
1987;CA4;Meth;0.5;35;50
1987;CA4;Meth;0.125;35;25
1987;CA5;Coc;1000;85;22500
1987;CA5;Coc;1000;80;15250
1987;CA5;Coc;453.6;70;16000
1987;CA5;Coc;226.8;65;7500
1987;CA5;Coc;113.4;70;3500
1987;CA5;Coc;28.35;65;1300
1987;CA5;Coc;3.54375;55;250
1987;CA5;Coc;1;50;100
1987;CA5;Coc;0.5;60;55
1987;CA5;Coc;0.125;17.5;25
1987;CA5;Crack;1;17.5;100
1987;CA5;Crack;0.5;17.5;35
1987;CA5;Crack;0.25;45;25
1987;CA5;HerB;1000;57.5;150000
1987;CA5;HerB;453.6;55;55000
1987;CA5;HerB;28.35;55;4000
1987;CA5;HerB;1;45;250
1987;CA5;HerB;0.26;42;60
1987;CA5;HerT;1000;80;180000
1987;CA5;HerT;453.6;72;165000
1987;CA5;HerT;28.35;53.5;6250
1987;CA5;HerT;1;65;242.5
1987;CA5;HerT;0.1;65;22.5
1987;CA5;HerW;453.6;82.5;77500
1987;CA5;HerW;28.35;100;6750
1987;CA5;HerW;1;75;365
1987;CA5;Meth;28.35;85;1350
1987;CA6;Coc;1000;95;20500
1987;CA6;Coc;453.6;95;15000
1987;CA6;Coc;28.35;87.5;1250
1987;CA6;Coc;7.0875;35;550
1987;CA6;Coc;3.54375;35;275
1987;CA6;Coc;1;70;95
1987;CA6;HerT;1000;70;275000
1987;CA6;HerT;453.6;70;137500
1987;CA6;HerT;28.35;47;5000
1987;CA6;MJImp;453.6;100;850
1987;CA6;MJImp;226.8;100;475
1987;CA6;MJImp;28.35;100;95
1987;CA6;MJImp;14.175;100;55
1987;CA6;MJImp;7.0875;100;30
1987;CA6;MJDom;453.6;100;850
1987;CA6;MJDom;226.8;100;475
1987;CA6;MJDom;28.35;100;150
1987;CA6;MJDom;7.0875;100;30
1987;CA6;MJDom;2.25;100;20
1987;CA6;Hash;453.6;100;1450
1987;CA6;Hash;226.8;100;750
1987;CA6;Hash;14.175;100;147
1987;CA6;Hash;7.0875;100;87.5
1987;CA6;Hash;1;100;35
1987;CA6;MJSin;453.6;100;3000
1987;CA6;MJSin;28.35;100;102.5
1987;CA6;MJSin;7.0875;100;35
1987;CA6;MJSin;3.5;100;40
1987;CA7;Coc;1000;87.5;32500
1987;CA7;Coc;28.35;87.5;1650
1987;CA7;Coc;3.54375;85;250
1987;CA7;Coc;1;65;120
1987;CA7;HerT;453.6;65;90000
1987;CA7;HerW;0.25;4;82.5
1987;CA7;HerW;0.125;4;22.5
1987;CA7;MJDom;453.6;100;550
1987;CA7;MJDom;28.35;100;105
1987;CA7;Hash;453.6;100;1400
1987;CA7;Hash;28.35;100;125
1987;CA7;Hash;1;100;12.5
1987;CA7;MJDom;226.8;100;137.5
1987;CA7;MJDom;0.5;100;60
1987;CA7;MJImp;453.6;100;450
1987;CA7;MJImp;113.4;100;125
1987;CA7;MJImp;5;100;15
1987;CA7;MJSin;453.6;100;2200
1987;CA7;MJSin;28.35;100;187.5
1987;CA7;Meth;453.6;95;13500
1987;CA7;Meth;28.35;30;1500
1987;HI;Coc;453.6;62.5;31000
1987;HI;Coc;28.35;65;2350
1987;HI;Coc;7.0875;51;650
1987;HI;Coc;3.54375;25;300
1987;HI;Coc;1;27.5;110
1987;HI;Coc;0.25;27.5;25
1987;HI;HerB;0.25;7.5;450
1987;HI;HerB;0.1;7.5;150
1987;HI;HerT;1;65;375
1987;HI;HerW;453.6;80;90000
1987;HI;HerW;28.35;45;10000
1987;HI;HerW;7.0875;16;2500
1987;HI;HerW;3.54375;80;1700
1987;HI;HerW;1;12.5;600
1987;HI;HerW;0.25;50;175
1987;HI;MJDom;453.6;100;1750
1987;HI;MJDom;28.35;100;195
1987;HI;Hash;453.6;100;1650
1987;HI;Hash;28.35;100;135
1987;HI;Hash;7.0875;100;50
1987;HI;Hash;1;100;10
1987;OR;Coc;1000;85;40000
1987;OR;Coc;113.4;45;7000
1987;OR;Coc;28.35;37.5;1450
1987;OR;Coc;5;22;485
1987;OR;Coc;1;37.5;85
1987;OR;Coc;0.25;22;37.5
1987;OR;HerT;453.6;70;85000
1987;OR;HerT;28.35;63;5000
1987;OR;HerT;1;17.5;425
1987;OR;HerT;0.0625;30;50
1987;OR;MJDom;453.6;100;2250
1987;OR;MJDom;113.4;100;350
1987;OR;MJDom;28.35;100;150
1987;OR;MJDom;14.175;100;20
1987;OR;MJDom;7.0875;100;35
1987;OR;MJDom;3.54375;100;27.5
1987;OR;MJImp;453.6;100;850
1987;OR;MJImp;113.4;100;300
1987;OR;MJImp;28.35;100;100
1987;OR;MJImp;7.0875;100;27.5
1987;OR;MJSin;453.6;100;2150
1987;OR;MJSin;113.4;100;550
1987;OR;MJSin;28.35;100;145
1987;OR;MJSin;14.175;100;57.5
1987;OR;MJSin;7.0875;100;30
1987;OR;MJSin;3.54375;100;13.75
1987;OR;MJSin;1;100;10
1987;OR;Meth;453.6;52;13500
1987;OR;Meth;1;50;95
1987;WA;Coc;1000;87.5;42500
1987;WA;Coc;453.6;95;23500
1987;WA;Coc;226.8;95;13500
1987;WA;Coc;113.4;95;5000
1987;WA;Coc;28.35;72.5;1800
1987;WA;Coc;14.175;72.5;1000
1987;WA;Coc;7.0875;65;575
1987;WA;Coc;3.54375;72.5;312.5
1987;WA;Coc;1;62.5;102.5
1987;WA;Coc;0.5;50;62.5
1987;WA;Coc;0.25;60;27.5
1987;WA;HerB;28.35;37.5;6750
1987;WA;HerB;1;15;375
1987;WA;HerT;453.6;95;89450
1987;WA;HerT;28.35;60;6500
1987;WA;HerT;14.175;50;4250
1987;WA;HerT;1;60;325
1987;WA;HerT;0.5;45;200
1987;WA;HerT;0.25;65;100
1987;WA;HerT;0.125;65;37.5
1987;WA;MJImp;453.6;100;700
1987;WA;MJDom;453.6;100;2100
1987;WA;MJDom;113.4;100;575
1987;WA;MJDom;28.35;100;165
1987;WA;MJDom;3.54375;100;30
1987;WA;MJDom;1;100;10
1987;WA;Hash;453.6;100;1500
1987;WA;Hash;113.4;100;275
1987;WA;Hash;28.35;100;180
1987;WA;MJDom;453.6;100;700
1987;WA;MJDom;226.8;100;350
1987;WA;MJDom;113.4;100;262.5
1987;WA;MJDom;28.35;100;160
1987;WA;MJDom;14.175;100;55
1987;WA;MJDom;3.54375;100;30
1987;WA;MJDom;1;100;10
1987;WA;MJImp;453.6;100;550
1987;WA;MJImp;226.8;100;325
1987;WA;MJImp;113.4;100;275
1987;WA;MJImp;28.35;100;130
1987;WA;MJImp;7.0875;100;57.5
1987;WA;MJSin;453.6;100;1750
1987;WA;MJSin;113.4;100;450
1987;WA;MJSin;56.7;100;275
1987;WA;MJSin;28.35;100;225
1987;WA;MJSin;14.175;100;125
1987;WA;MJSin;7.0875;100;65
1987;WA;MJSin;3.54375;100;30
1987;WA;MJSin;1;100;11
1987;WA;Meth;28.35;93;1850
1987;WA;Meth;1;95;95
1989;AK;MJDom;7.0875;100;80
1989;AK;Hash;1;100;20
1989;CA1;Crack;1;90;100
1989;CA1;Coc;28.35;75;850
1989;CA1;Hash;1;100;12.5
1989;CA1;Hash;28.35;100;200
1989;CA1;Hash;453.6;100;3100
1989;CA1;MJDom;1;100;10
1989;CA1;MJSin;28.35;100;250
1989;CA1;MJSin;453.6;100;3250
1989;CA1;Meth;0.25;60;20
1989;CA1;Meth;1;75;70
1989;CA2;Crack;0.25;90;20
1989;CA2;Crack;3.54375;90;140
1989;CA2;Crack;28.35;90;600
1989;CA2;Crack;453.6;90;4000
1989;CA2;Coc;0.05;70;5
1989;CA2;Coc;0.1;45;17.5
1989;CA2;Coc;0.25;70;25
1989;CA2;Coc;1;60;75
1989;CA2;Coc;28.35;70;825
1989;CA2;Coc;1000;70;14500
1989;CA2;HerW;0.25;4;22.5
1989;CA2;HerW;0.5;95;250
1989;CA2;HerT;0.1;11.5;20
1989;CA2;HerT;0.25;20;52.5
1989;CA2;HerT;1;35;170
1989;CA2;HerT;28.35;25;4000
1989;CA2;Meth;0.25;30;17.5
1989;CA2;Meth;1;50;55
1989;CA2;MJSin;3.54375;100;35
1989;CA2;MJSin;28.35;100;250
1989;CA2;MJSin;453.6;100;2500
1989;CA3;Crack;0.2;100;20
1989;CA3;Crack;28.35;100;650
1989;CA3;Coc;1;80;75
1989;CA3;Coc;28.35;80;700
1989;CA3;HerT;1;60;225
1989;CA3;MJDom;1;100;15
1989;CA3;MJDom;3.54375;100;35
1989;CA3;MJDom;28.35;100;110
1989;CA3;MJDom;113.4;100;440
1989;CA4;Coc;0.25;50;35
1989;CA4;Coc;1;50;110
1989;CA4;Coc;3.5;50;225
1989;CA4;Coc;1000;90;18000
1989;CA4;MJDom;453.6;100;700
1989;CA4;MJImp;7.0875;100;35
1989;CA4;MJImp;453.6;100;700
1989;CA5;Coc;1;85;80
1989;CA5;Coc;3.54375;85;150
1989;CA5;Coc;7.0875;55;262.5
1989;CA5;Coc;28.35;50;775
1989;CA5;Coc;453.6;86.5;10000
1989;CA5;HerO;1;60;275
1989;CA5;HerT;28.35;47;4750
1989;CA5;Meth;1;90;90
1989;CA5;Meth;28.35;80;900
1989;CA5;Meth;453.6;90;12000
1989;CA6;MJImp;113.4;100;225
1989;CA6;MJImp;453.6;100;1000
1989;CA6;MJSin;1;100;40
1989;CA7;Coc;1000;60;15000
1989;CA7;Hash;1;100;12.5
1989;CA7;Hash;28.35;100;125
1989;CA7;Hash;453.6;100;1400
1989;CA7;HerO;0.1;10;25
1989;CA7;HerO;1;10;225
1989;CA7;HerO;453.6;10;22500
1989;CA7;HerT;0.03;30;17.5
1989;CA7;HerT;0.25;30;65
1989;CA7;HerT;1;30;225
1989;CA7;HerT;28.35;30;3750
1989;CA7;HerT;453.6;30;62500
1989;CA7;HerT;1000;30;130000
1989;CA7;HerW;1;95;550
1989;CA7;HerW;28.35;95;9000
1989;CA7;HerW;453.6;95;1,00E+05
1989;CA7;MJDom;28.35;100;97.5
1989;CA7;MJDom;453.6;100;425
1989;CA7;MJSin;28.35;100;187.5
1989;CA7;MJSin;453.6;100;2200
1989;HI;Coc;1;75;100
1989;HI;Coc;7.0875;90;450
1989;OR;Coc;226.8;65;4800
1989;OR;Coc;1000;78;18000
1989;OR;HerT;14.175;65;2000
1989;OR;HerT;21.2625;28;2000
1989;OR;HerT;28.35;30;4250
1989;OR;Hash;1;100;10
1989;OR;MJImp;1;100;12.5
1989;OR;MJImp;28.35;100;125
1989;OR;MJDom;28.35;100;215
1989;OR;MJDom;113.4;100;525
1989;OR;MJDom;453.6;100;2150
1989;OR;Meth;453.6;89.5;12000
1989;WA;Coc;1;59;75
1989;WA;Coc;3.54375;57.5;175
1989;WA;Coc;7.0875;57.5;337.5
1989;WA;Coc;14.175;85;550
1989;WA;Coc;28.35;62.5;900
1989;WA;Coc;453.6;85;11250
1989;WA;Coc;1000;90.5;21500
1989;WA;Crack;1;90;62.5
1989;WA;HerT;0.05;50;20
1989;WA;HerT;1;15;100
1989;WA;HerT;28.35;50;3500
1989;WA;MJImp;453.6;100;1050
1989;WA;MJImp;453.6;100;800
1989;WA;Meth;453.6;85;9500
1989;WA;MJSin;1;100;10
1989;WA;MJSin;3.54375;100;30
1989;WA;MJSin;7.0875;100;65
1989;WA;MJSin;28.35;100;185
1989;WA;MJSin;453.6;100;2600
1991;CA1;Coc;0.25;26;20
1991;CA1;Coc;0.25;65;27.5
1991;CA1;Coc;1;27.5;60
1991;CA1;Coc;1;57.5;85
1991;CA1;Coc;1;80;125
1991;CA1;Coc;3.54375;65;305
1991;CA1;Coc;28.35;65;1300
1991;CA1;Coc;453.6;77.5;18500
1991;CA1;Coc;1000;85;15000
1991;CA1;Coc;1000;95;32500
1991;CA1;HerB;1000;75;30000
1991;CA1;Hash;1;100;20
1991;CA1;Hash;28.35;100;220
1991;CA1;Hash;453.6;100;3200
1991;CA1;HerT;0.25;40;45
1991;CA1;HerT;1;45;215
1991;CA1;HerT;28.35;55;3350
1991;CA1;HerT;453.6;55;49500
1991;CA1;MJImp;1;100;15
1991;CA1;MJImp;453.6;100;1350
1991;CA1;MJSin;1;100;25
1991;CA1;MJSin;7.0875;100;47.5
1991;CA1;MJSin;28.35;100;322.5
1991;CA1;MJSin;453.6;100;2900
1991;CA1;MJDom;3.54375;100;25
1991;CA1;MJDom;28.35;100;375
1991;CA1;MJDom;453.6;100;1300
1991;CA1;Meth;0.25;37.5;27.5
1991;CA1;Meth;1;37.5;82.5
1991;CA1;Meth;28.35;42.5;650
1991;CA1;Meth;28.35;80;1050
1991;CA1;Meth;453.6;75;12000
1991;CA2;Coc;0.25;57.5;25
1991;CA2;Coc;1;40;65
1991;CA2;Coc;1;80;102.5
1991;CA2;Coc;3.54375;60;230
1991;CA2;Coc;28.35;62.5;900
1991;CA2;Coc;453.6;70;15000
1991;CA2;Coc;1000;88.5;26500
1991;CA2;Hash;1;100;15
1991;CA2;Hash;28.35;100;412.5
1991;CA2;Hash;453.6;100;3500
1991;CA2;HerT;0.25;31;42.5
1991;CA2;HerT;1;10;110
1991;CA2;HerT;1;43.5;180
1991;CA2;HerT;28.35;40.5;4250
1991;CA2;HerT;453.6;43.5;35000
1991;CA2;HerT;453.6;98;107000
1991;CA2;HerB;1000;43.5;63500
1991;CA2;HerB;1000;72.5;115000
1991;CA2;MJSin;1;100;37.5
1991;CA2;MJSin;28.35;100;280
1991;CA2;MJSin;453.6;100;2850
1991;CA2;MJImp;28.35;100;150
1991;CA2;MJImp;453.6;100;1550
1991;CA2;Meth;0.25;40;30
1991;CA2;Meth;1;50;70
1991;CA2;Meth;3.54375;50;185
1991;CA2;Meth;28.35;52.5;950
1991;CA2;Meth;453.6;60;12000
1991;CA3;Coc;0.25;70;25
1991;CA3;Coc;1;70;85
1991;CA3;Coc;3.54375;70;185
1991;CA3;Coc;28.35;77.5;850
1991;CA3;Coc;453.6;80;12500
1991;CA3;HerT;0.25;50;30
1991;CA3;HerT;1;36;117.5
1991;CA3;HerT;28.35;41;2400
1991;CA3;HerT;453.6;60;38000
1991;CA3;MJSin;1;100;15
1991;CA3;MJSin;28.35;100;237.5
1991;CA3;MJSin;453.6;100;2750
1991;CA3;Meth;0.25;55;22.5
1991;CA3;Meth;1;55;100
1991;CA3;Meth;3.54375;70;300
1991;CA3;Meth;28.35;70;1000
1991;CA3;Meth;453.6;60;10500
1991;CA4;Coc;0.25;50;25
1991;CA4;Coc;1;50;75
1991;CA4;Coc;3.54375;50;160
1991;CA4;Coc;3.54375;80;212.5
1991;CA4;Coc;28.35;70;850
1991;CA4;Coc;453.6;70;12500
1991;CA4;Coc;1000;70;22000
1991;CA4;Hash;1;100;12.5
1991;CA4;Hash;28.35;100;150
1991;CA4;HerT;0.25;3;40
1991;CA4;HerT;28.35;62.5;2750
1991;CA4;MJImp;1;100;5
1991;CA4;MJImp;28.35;100;90
1991;CA4;MJImp;453.6;100;900
1991;CA4;MJSin;1;100;30
1991;CA4;MJSin;28.35;100;225
1991;CA4;MJSin;453.6;100;2000
1991;CA4;Meth;0.25;70;27.5
1991;CA4;Meth;1;70;90
1991;CA4;Meth;3.54375;50;200
1991;CA4;Meth;28.35;45;850
1991;CA4;Meth;453.6;80;11000
1991;CA5;Coc;0.25;55;22.5
1991;CA5;Coc;1;45;80
1991;CA5;Coc;3.54375;57.5;150
1991;CA5;Coc;28.35;55;850
1991;CA5;Coc;453.6;60;10000
1991;CA5;Coc;1000;60;20250
1991;CA5;HerB;1000;12;80500
1991;CA5;HerT;1000;12;108000
1991;CA6;Coc;0.25;55;22.5
1991;CA6;Coc;1;57.5;100
1991;CA6;Coc;3.54375;62.5;237.5
1991;CA6;Coc;28.35;45;700
1991;CA6;Coc;28.35;67.5;1600
1991;CA6;Coc;453.6;60;9500
1991;CA6;Coc;1000;60;19500
1991;CA6;Coc;1000;90;28500
1991;CA6;Hash;1;100;22.5
1991;CA6;Hash;28.35;100;300
1991;CA6;Hash;453.6;100;3000
1991;CA6;MJSin;1;100;32.5
1991;CA6;MJSin;28.35;100;282.5
1991;CA6;MJSin;453.6;100;1500
1991;CA6;MJImp;1;100;12.5
1991;CA6;MJImp;28.35;100;170
1991;CA6;HerB;1000;57.5;112500
1991;CA6;HerT;0.25;67.5;52.5
1991;CA6;HerT;1;67.5;155
1991;CA6;HerT;28.35;67.5;3500
1991;CA6;HerT;453.6;67.5;41500
1991;CA6;Meth;0.25;40;20
1991;CA6;Meth;1;40;80
1991;CA6;Meth;3.54375;40;125
1991;CA6;Meth;28.35;40;650
1991;CA6;Meth;453.6;40;8000
1991;CA7;Coc;0.25;35;22.5
1991;CA7;Coc;1;15;57.5
1991;CA7;Coc;1;60;100
1991;CA7;Coc;3.54375;15;147.5
1991;CA7;Coc;3.54375;72.5;275
1991;CA7;Coc;7.0875;92;400
1991;CA7;Coc;28.35;50;850
1991;CA7;Coc;453.6;35;7250
1991;CA7;Coc;453.6;80;12500
1991;CA7;Coc;1000;85;21250
1991;CA7;Hash;1;100;12.5
1991;CA7;Hash;28.35;100;125
1991;CA7;Hash;453.6;100;1400
1991;CA7;HerT;0.25;40;80
1991;CA7;HerT;1;30;225
1991;CA7;HerT;28.35;30;3750
1991;CA7;HerT;453.6;30;62500
1991;CA7;MJImp;28.35;100;130
1991;CA7;MJImp;453.6;100;1150
1991;CA7;MJSin;453.6;100;2050
1991;CA7;Meth;0.25;52.5;22.5
1991;CA7;Meth;1;52.5;60
1991;CA7;Meth;3.54375;52.5;147.5
1991;CA7;Meth;28.35;52.5;750
1991;CA7;Meth;453.6;57.5;7500
1991;HI;MJSin;1;100;20
1991;HI;MJSin;28.35;100;400
1991;HI;MJSin;453.6;100;6000
1991;OR;Coc;0.25;55;25
1991;OR;Coc;1;35;67.5
1991;OR;Coc;1;62.5;90
1991;OR;Coc;3.54375;65;200
1991;OR;Coc;28.35;60;1000
1991;OR;Coc;453.6;62.5;12000
1991;OR;Coc;1000;65;24000
1991;OR;Hash;1;100;10
1991;OR;Hash;28.35;100;200
1991;OR;Hash;453.6;100;1500
1991;OR;MJSin;1;100;42.5
1991;OR;MJSin;28.35;100;200
1991;OR;MJSin;453.6;100;2200
1991;OR;MJImp;453.6;100;950
1991;OR;HerT;0.25;34;70
1991;OR;HerT;1;47.5;130
1991;OR;HerT;28.35;45;3250
1991;WA;Coc;0.25;55;37.5
1991;WA;Coc;1;40;50
1991;WA;Coc;1;82.5;135
1991;WA;Coc;0.8859375;70;50
1991;WA;Coc;1.771875;45;125
1991;WA;Coc;3.54375;55;225
1991;WA;Coc;14.175;75;525
1991;WA;Coc;28.35;40;750
1991;WA;Coc;28.35;77.5;1300
1991;WA;Coc;453.6;67.5;13500
1991;WA;Coc;1000;58;25000
1991;WA;Hash;1;100;32.5
1991;WA;Hash;28.35;100;200
1991;WA;Hash;453.6;100;1600
1991;WA;HerB;1000;55;90000
1991;WA;HerT;0.25;30;32.5
1991;WA;HerT;0.25;75;87.5
1991;WA;HerT;28.35;55;3500
1991;WA;HerT;453.6;45;28500
1991;WA;HerT;453.6;87.5;52000
1991;WA;MJDom;1;100;25
1991;WA;MJSin;28.35;100;220
1991;WA;MJDom;453.6;100;2250
1991;WA;Meth;0.25;37.5;40
1991;WA;Meth;0.25;85;112.5
1991;WA;Meth;1;40;90
1991;WA;Meth;1;85;155
1991;WA;Meth;3.54375;41.5;180
1991;WA;Meth;3.54375;82.5;325
1991;WA;Meth;28.35;85;1400
1991;WA;Meth;453.6;54;14000
1991;WA;Meth;453.6;89.5;22500
